marque,liens_marque,categorie,reviews,pays
Non spécifié,pinktropical.fr,animals_pets,,FR
Non spécifié,invers.fr,animals_pets,,FR
Non spécifié,equi-clic.com,animals_pets,,FR
Non spécifié,www.espritdog.com,animals_pets,,FR
Non spécifié,tomdog.fr,animals_pets,,FR
Non spécifié,shop.dognfun.net,animals_pets,,FR
Non spécifié,lafamilleku.com,animals_pets,,FR
Non spécifié,lokietluna.com,animals_pets,,FR
Non spécifié,marc-del.com,animals_pets,,FR
Non spécifié,anidom.fr,animals_pets,,FR
Non spécifié,aupetitcroc.fr,animals_pets,,FR
Non spécifié,bobinesetaiguilles.com,animals_pets,,FR
Non spécifié,fenril.fr,animals_pets,,FR
Non spécifié,peeweepaw.shop,animals_pets,,FR
Non spécifié,www.hariet-et-rosie.com,animals_pets,,FR
Non spécifié,www.animabassin.com,animals_pets,,FR
Non spécifié,ammerlaan.fr,animals_pets,,FR
Non spécifié,www.animauxvillas.com,animals_pets,,FR
Non spécifié,spunky.pet,animals_pets,,FR
Non spécifié,medailleschien.com,animals_pets,,FR
Non spécifié,danse-avec-ton-chien.fr,animals_pets,,FR
Non spécifié,educ-dog.com,animals_pets,,FR
Non spécifié,urgences-veterinaires-nice.fr,animals_pets,,FR
Non spécifié,green-normandy.com,animals_pets,,FR
Non spécifié,all4dogsports.fr,animals_pets,,FR
Non spécifié,leschtitesboites.fr,animals_pets,,FR
Non spécifié,livvet.vet,animals_pets,,FR
Non spécifié,aktivity-sport.com,animals_pets,,FR
Non spécifié,finmuseau.com,animals_pets,,FR
Non spécifié,naturopets.com,animals_pets,,FR
Non spécifié,lespotinoeudsdemaceo.com,animals_pets,,FR
Non spécifié,horska-sellerie.com,animals_pets,,FR
Non spécifié,hectorkitchen.com,animals_pets,,FR
Non spécifié,oiseaux-mania.com,animals_pets,,FR
Non spécifié,urgences-veterinaires-lyon.fr,animals_pets,,FR
Non spécifié,anizoo.fr,animals_pets,,FR
Non spécifié,produits-veto.com,animals_pets,,FR
Non spécifié,apetitestore.com,animals_pets,,FR
Non spécifié,zooptimal.com,animals_pets,,FR
Non spécifié,lebonaqua.fr,animals_pets,,FR
Non spécifié,florihana.com,beauty_wellbeing,,FR
Non spécifié,cheef.fr,beauty_wellbeing,,FR
Non spécifié,fragonard.com,beauty_wellbeing,,FR
Non spécifié,nature-minerale.fr,beauty_wellbeing,,FR
Non spécifié,byogenie.com,beauty_wellbeing,,FR
Non spécifié,peaulette.fr,beauty_wellbeing,,FR
Non spécifié,sevenyoung.com,beauty_wellbeing,,FR
Non spécifié,coach-rameur.com,beauty_wellbeing,,FR
Non spécifié,mysources.fr,beauty_wellbeing,,FR
Non spécifié,vita-nuova.com,beauty_wellbeing,,FR
Non spécifié,kamshoes.fr,beauty_wellbeing,,FR
Non spécifié,la-savonniere-du-moulin.com,beauty_wellbeing,,FR
Non spécifié,maisecrets.fr,beauty_wellbeing,,FR
Non spécifié,boutique-osma.com,beauty_wellbeing,,FR
Non spécifié,loiretdestock.fr,beauty_wellbeing,,FR
Non spécifié,skinorea.com,beauty_wellbeing,,FR
Non spécifié,shamballa-shilajit.com,beauty_wellbeing,,FR
Non spécifié,ouwayss.com,beauty_wellbeing,,FR
Non spécifié,www.mondebio.com,beauty_wellbeing,,FR
Non spécifié,www.famillemary.fr,beauty_wellbeing,,FR
Non spécifié,nutri-naturel.com,beauty_wellbeing,,FR
Non spécifié,www.salvia-nutrition.com,beauty_wellbeing,,FR
Non spécifié,womoon.fr,beauty_wellbeing,,FR
Non spécifié,www.goldencbd.fr,beauty_wellbeing,,FR
Non spécifié,darklyhandsome.com,beauty_wellbeing,,FR
Non spécifié,pharmanord.fr,beauty_wellbeing,,FR
Non spécifié,naturamind.com,beauty_wellbeing,,FR
Non spécifié,www.cbdoo.fr,beauty_wellbeing,,FR
Non spécifié,greendogs.fr,beauty_wellbeing,,FR
Non spécifié,benlux.fr,beauty_wellbeing,,FR
Non spécifié,calebasse.com,beauty_wellbeing,,FR
Non spécifié,direct-bio-shop.com,beauty_wellbeing,,FR
Non spécifié,lasducorps.com,beauty_wellbeing,,FR
Non spécifié,aladouchesimone.fr,beauty_wellbeing,,FR
Non spécifié,justcoaching.fr,beauty_wellbeing,,FR
Non spécifié,matierebrutelab.com,beauty_wellbeing,,FR
Non spécifié,najel.net,beauty_wellbeing,,FR
Non spécifié,avey.fr,beauty_wellbeing,,FR
Non spécifié,notocbd.com,beauty_wellbeing,,FR
Non spécifié,strongcbd.fr,beauty_wellbeing,,FR
Non spécifié,flashbay.fr,business_services,,FR
Non spécifié,carofromwoodland.com,business_services,,FR
Non spécifié,www.rapid-pub.com,business_services,,FR
Non spécifié,spheresnomades.fr,business_services,,FR
Non spécifié,popcarte.com,business_services,,FR
Non spécifié,nextories.com,business_services,,FR
Non spécifié,lafabriqueasachets.com,business_services,,FR
Non spécifié,www.universdujapon.com,business_services,,FR
Non spécifié,pleyce.com,business_services,,FR
Non spécifié,ipandgo.com,business_services,,FR
Non spécifié,annonces-legales-faciles.com,business_services,,FR
Non spécifié,wechamp-entreprise.co,business_services,,FR
Non spécifié,trevell.fr,business_services,,FR
Non spécifié,upanddesk.com,business_services,,FR
Non spécifié,axeptio.eu,business_services,,FR
Non spécifié,cadoetik.com,business_services,,FR
Non spécifié,capitole-energie.com,business_services,,FR
Non spécifié,ml-traduction.fr,business_services,,FR
Non spécifié,gw2rewards.com,business_services,,FR
Non spécifié,color-box.eu,business_services,,FR
Non spécifié,l2igraphisme.fr,business_services,,FR
Non spécifié,orators.fr,business_services,,FR
Non spécifié,winheberg.fr,business_services,,FR
Non spécifié,azivko.com,business_services,,FR
Non spécifié,familysandwood.com,business_services,,FR
Non spécifié,www.a-qui-s.fr,business_services,,FR
Non spécifié,qwetch.com,business_services,,FR
Non spécifié,plaquerapide.fr,business_services,,FR
Non spécifié,locabox.fr,business_services,,FR
Non spécifié,lakube.com,business_services,,FR
Non spécifié,indy.fr,business_services,,FR
Non spécifié,lireka.com,business_services,,FR
Non spécifié,decoupe-plexi-sur-mesure.com,business_services,,FR
Non spécifié,nutri-naturel.com,business_services,,FR
Non spécifié,www.netim.com,business_services,,FR
Non spécifié,sitew.com,business_services,,FR
Non spécifié,youstock.com,business_services,,FR
Non spécifié,tolteck.com,business_services,,FR
Non spécifié,www.busiboutique.com,business_services,,FR
Non spécifié,ksoftware.fr,business_services,,FR
Non spécifié,spheresnomades.fr,construction_manufactoring,,FR
Non spécifié,lafabriqueasachets.com,construction_manufactoring,,FR
Non spécifié,materfrance.fr,construction_manufactoring,,FR
Non spécifié,invers.fr,construction_manufactoring,,FR
Non spécifié,tkoutils.fr,construction_manufactoring,,FR
Non spécifié,pleyce.com,construction_manufactoring,,FR
Non spécifié,www.linstan.fr,construction_manufactoring,,FR
Non spécifié,colorlive.fr,construction_manufactoring,,FR
Non spécifié,oodaj.com,construction_manufactoring,,FR
Non spécifié,checkmy-house.fr,construction_manufactoring,,FR
Non spécifié,maproductionsolaire.com,construction_manufactoring,,FR
Non spécifié,goyon-chazeau.com,construction_manufactoring,,FR
Non spécifié,tissage-moutet.com,construction_manufactoring,,FR
Non spécifié,exabat.fr,construction_manufactoring,,FR
Non spécifié,jdfarcade.com,construction_manufactoring,,FR
Non spécifié,aucreuxdeslettres.fr,construction_manufactoring,,FR
Non spécifié,familysandwood.com,construction_manufactoring,,FR
Non spécifié,www.voletshop.fr,construction_manufactoring,,FR
Non spécifié,plaquerapide.fr,construction_manufactoring,,FR
Non spécifié,www.pointbaches12.com,construction_manufactoring,,FR
Non spécifié,boutique.orange.fr/telesurveillance,construction_manufactoring,,FR
Non spécifié,aqua2000.fr,construction_manufactoring,,FR
Non spécifié,multicuves.com,construction_manufactoring,,FR
Non spécifié,decoupe-plexi-sur-mesure.com,construction_manufactoring,,FR
Non spécifié,dualsun.com,construction_manufactoring,,FR
Non spécifié,sunethic.fr,construction_manufactoring,,FR
Non spécifié,matieredetail.fr,construction_manufactoring,,FR
Non spécifié,garden7.fr,construction_manufactoring,,FR
Non spécifié,ateliertb.com,construction_manufactoring,,FR
Non spécifié,ls-pro.fr,construction_manufactoring,,FR
Non spécifié,lapetiteimprimerie.fr,construction_manufactoring,,FR
Non spécifié,www.pieces-detachees-piscine.fr,construction_manufactoring,,FR
Non spécifié,laboutiqueducirage.com,construction_manufactoring,,FR
Non spécifié,glassfonster.fr,construction_manufactoring,,FR
Non spécifié,mazorcollection.com,construction_manufactoring,,FR
Non spécifié,soudestock.fr,construction_manufactoring,,FR
Non spécifié,la-re2020.fr,construction_manufactoring,,FR
Non spécifié,weeplow.com,construction_manufactoring,,FR
Non spécifié,celeden.fr,construction_manufactoring,,FR
Non spécifié,rayy.fr,construction_manufactoring,,FR
Non spécifié,www.objectifhorlogerie.fr,education_training,,FR
Non spécifié,ecole53.fr,education_training,,FR
Non spécifié,doctrio.com,education_training,,FR
Non spécifié,alter-prevention.com,education_training,,FR
Non spécifié,digimoov.fr,education_training,,FR
Non spécifié,www.espritdog.com,education_training,,FR
Non spécifié,estc.fr,education_training,,FR
Non spécifié,joinmisfit.com,education_training,,FR
Non spécifié,quesacoach.com,education_training,,FR
Non spécifié,techkidsacademy.com,education_training,,FR
Non spécifié,www.etuloge.fr,education_training,,FR
Non spécifié,hcbconsultants.com,education_training,,FR
Non spécifié,femca.fr,education_training,,FR
Non spécifié,centre-hypnose-nice.fr,education_training,,FR
Non spécifié,enfinlibre.com,education_training,,FR
Non spécifié,anacours.com,education_training,,FR
Non spécifié,superprof.co.id,education_training,,FR
Non spécifié,closerevolution.com,education_training,,FR
Non spécifié,coursgriffon.fr,education_training,,FR
Non spécifié,moulaclub.com,education_training,,FR
Non spécifié,ecoledesvideastes.com,education_training,,FR
Non spécifié,thefrenchpatissier.com,education_training,,FR
Non spécifié,votrereussitescolaire.com,education_training,,FR
Non spécifié,one-learn.fr,education_training,,FR
Non spécifié,ohmamacare.fr,education_training,,FR
Non spécifié,iscae.fr,education_training,,FR
Non spécifié,3ponts.edu,education_training,,FR
Non spécifié,goodpilot.fr,education_training,,FR
Non spécifié,www.ytbusiness.fr,education_training,,FR
Non spécifié,dbms.fr,education_training,,FR
Non spécifié,lilibloom.fr,education_training,,FR
Non spécifié,boutique.cahierdupianiste.com,education_training,,FR
Non spécifié,wporigami.com,education_training,,FR
Non spécifié,formatech-pro.fr,education_training,,FR
Non spécifié,extremcarsevents.com,education_training,,FR
Non spécifié,webmyday.io,education_training,,FR
Non spécifié,lawondertribu.fr,education_training,,FR
Non spécifié,the-big-win.com,education_training,,FR
Non spécifié,initiatives.fr,education_training,,FR
Non spécifié,www.envoituresimone.com,education_training,,FR
Non spécifié,www.europe-nature-optik.fr,electronics_technology,,FR
Non spécifié,ma-carte-electronique.fr,electronics_technology,,FR
Non spécifié,www.materiel-informatique-occasion.com,electronics_technology,,FR
Non spécifié,ipandgo.com,electronics_technology,,FR
Non spécifié,fastsoftware.fr,electronics_technology,,FR
Non spécifié,www.aspiration-web.fr,electronics_technology,,FR
Non spécifié,mshop.fr,electronics_technology,,FR
Non spécifié,assistance-ordinateur34.com,electronics_technology,,FR
Non spécifié,ordipack.fr,electronics_technology,,FR
Non spécifié,www.otaree.com,electronics_technology,,FR
Non spécifié,numero.vip,electronics_technology,,FR
Non spécifié,mypcstore.fr,electronics_technology,,FR
Non spécifié,winheberg.fr,electronics_technology,,FR
Non spécifié,bizyness.fr,electronics_technology,,FR
Non spécifié,www.aboutbatteries.com,electronics_technology,,FR
Non spécifié,www.intego.com,electronics_technology,,FR
Non spécifié,indy.fr,electronics_technology,,FR
Non spécifié,iacono.fr,electronics_technology,,FR
Non spécifié,fr.for-ever.com,electronics_technology,,FR
Non spécifié,www.ram-mount.fr,electronics_technology,,FR
Non spécifié,www.netim.com,electronics_technology,,FR
Non spécifié,wp-rocket.me,electronics_technology,,FR
Non spécifié,trianglehifi.com,electronics_technology,,FR
Non spécifié,sitew.com,electronics_technology,,FR
Non spécifié,ordissimo.fr,electronics_technology,,FR
Non spécifié,www.mon-autoentreprise.fr,electronics_technology,,FR
Non spécifié,labo-argentique.com,electronics_technology,,FR
Non spécifié,bmjelec.com,electronics_technology,,FR
Non spécifié,www.busiboutique.com,electronics_technology,,FR
Non spécifié,evxonline.com,electronics_technology,,FR
Non spécifié,ksoftware.fr,electronics_technology,,FR
Non spécifié,axonaut.com,electronics_technology,,FR
Non spécifié,www.gererseul.com,electronics_technology,,FR
Non spécifié,wedealee.com,electronics_technology,,FR
Non spécifié,boutique-pcland.fr,electronics_technology,,FR
Non spécifié,pc-gamer.tech,electronics_technology,,FR
Non spécifié,easyhoster.com,electronics_technology,,FR
Non spécifié,people-vox.com,electronics_technology,,FR
Non spécifié,www.xylenprod.fr,electronics_technology,,FR
Non spécifié,deltakeyco.com,electronics_technology,,FR
Non spécifié,flashbay.fr,events_entertainment,,FR
Non spécifié,popcarte.com,events_entertainment,,FR
Non spécifié,www.cadeaucity.com,events_entertainment,,FR
Non spécifié,www.agorajeux.com,events_entertainment,,FR
Non spécifié,wargamespirit.fr,events_entertainment,,FR
Non spécifié,lafabriqueasachets.com,events_entertainment,,FR
Non spécifié,www.universdujapon.com,events_entertainment,,FR
Non spécifié,kingdom-figurine.fr,events_entertainment,,FR
Non spécifié,cartooneo.com,events_entertainment,,FR
Non spécifié,mgs-shop.fr,events_entertainment,,FR
Non spécifié,wechamp-entreprise.co,events_entertainment,,FR
Non spécifié,mshop.fr,events_entertainment,,FR
Non spécifié,bakashop.fr,events_entertainment,,FR
Non spécifié,trevell.fr,events_entertainment,,FR
Non spécifié,fatizaweddings.com,events_entertainment,,FR
Non spécifié,dkdrage.fr,events_entertainment,,FR
Non spécifié,toyspuissance3.fr,events_entertainment,,FR
Non spécifié,empreinteviticole.com,events_entertainment,,FR
Non spécifié,www.thefrenchsimracer.com,events_entertainment,,FR
Non spécifié,boutiqueinverse.fr,events_entertainment,,FR
Non spécifié,bougie-delice.com,events_entertainment,,FR
Non spécifié,www.nikkomania.com,events_entertainment,,FR
Non spécifié,skycircus.fr,events_entertainment,,FR
Non spécifié,jdfarcade.com,events_entertainment,,FR
Non spécifié,tetardetnenuphar.com,events_entertainment,,FR
Non spécifié,jollycards.fr,events_entertainment,,FR
Non spécifié,offlinedistribution.com,events_entertainment,,FR
Non spécifié,winheberg.fr,events_entertainment,,FR
Non spécifié,jurageekstore.fr,events_entertainment,,FR
Non spécifié,votreportrait.fr,events_entertainment,,FR
Non spécifié,familysandwood.com,events_entertainment,,FR
Non spécifié,www.a-qui-s.fr,events_entertainment,,FR
Non spécifié,gants-blancs.com/fr,events_entertainment,,FR
Non spécifié,www.highlandtitles.fr,events_entertainment,,FR
Non spécifié,darklyhandsome.com,events_entertainment,,FR
Non spécifié,lecomptoirdeloulou.fr,events_entertainment,,FR
Non spécifié,josepho.io,events_entertainment,,FR
Non spécifié,www.douceslettres.fr,events_entertainment,,FR
Non spécifié,kidibam.fr,events_entertainment,,FR
Non spécifié,maisondelalliance.fr,events_entertainment,,FR
Non spécifié,lefourgon.com,food_beverages_tobacco,,FR
Non spécifié,cheef.fr,food_beverages_tobacco,,FR
Non spécifié,vert-tiges.com,food_beverages_tobacco,,FR
Non spécifié,www.comptoirdesvignes.fr,food_beverages_tobacco,,FR
Non spécifié,shin-sekai.fr,food_beverages_tobacco,,FR
Non spécifié,m-martin.fr,food_beverages_tobacco,,FR
Non spécifié,entrepotitalien.fr,food_beverages_tobacco,,FR
Non spécifié,www.clos19.com,food_beverages_tobacco,,FR
Non spécifié,spiruline-des-iles-dor.com,food_beverages_tobacco,,FR
Non spécifié,pleyce.com,food_beverages_tobacco,,FR
Non spécifié,www.cavepurjus.com,food_beverages_tobacco,,FR
Non spécifié,vignartea.fr,food_beverages_tobacco,,FR
Non spécifié,vousavezunmessage.fr,food_beverages_tobacco,,FR
Non spécifié,passion-rhum.com,food_beverages_tobacco,,FR
Non spécifié,caves-bossetti.fr,food_beverages_tobacco,,FR
Non spécifié,quintaportuguesa.fr,food_beverages_tobacco,,FR
Non spécifié,lepetitzeste.com,food_beverages_tobacco,,FR
Non spécifié,shamballa-shilajit.com,food_beverages_tobacco,,FR
Non spécifié,bruleriedesgraves.fr,food_beverages_tobacco,,FR
Non spécifié,ouwayss.com,food_beverages_tobacco,,FR
Non spécifié,www.oliquide.com,food_beverages_tobacco,,FR
Non spécifié,www.rhumattitude.com,food_beverages_tobacco,,FR
Non spécifié,willyantigaspi.fr,food_beverages_tobacco,,FR
Non spécifié,nutri-naturel.com,food_beverages_tobacco,,FR
Non spécifié,veloboutiquepro.com,food_beverages_tobacco,,FR
Non spécifié,www.peche-maison.fr,food_beverages_tobacco,,FR
Non spécifié,e-boutiquevdlv.fr,food_beverages_tobacco,,FR
Non spécifié,boutique-cannes-fayet.com,food_beverages_tobacco,,FR
Non spécifié,cafesbelleville.com,food_beverages_tobacco,,FR
Non spécifié,boutique.lushan.fr,food_beverages_tobacco,,FR
Non spécifié,monwhisky.fr,food_beverages_tobacco,,FR
Non spécifié,www.leschocolatsducoeur.fr,food_beverages_tobacco,,FR
Non spécifié,camus.fr,food_beverages_tobacco,,FR
Non spécifié,ragnarok-store.fr,food_beverages_tobacco,,FR
Non spécifié,www.comptoirdesflandres.com,food_beverages_tobacco,,FR
Non spécifié,www.cbdoo.fr,food_beverages_tobacco,,FR
Non spécifié,greendogs.fr,food_beverages_tobacco,,FR
Non spécifié,www.microbrasseur.com,food_beverages_tobacco,,FR
Non spécifié,kanamaste.com,food_beverages_tobacco,,FR
Non spécifié,www.la-tournee.co,food_beverages_tobacco,,FR
Non spécifié,experts-debouchage.com,health_medical,,FR
Non spécifié,www.international-sante.com,health_medical,,FR
Non spécifié,santexpat.fr,health_medical,,FR
Non spécifié,thecyclisthouse.com,health_medical,,FR
Non spécifié,diagamter.com,health_medical,,FR
Non spécifié,centre-hypnose-nice.fr,health_medical,,FR
Non spécifié,joolediagnostics.com,health_medical,,FR
Non spécifié,ruedelhygiene.fr,health_medical,,FR
Non spécifié,lasducorps.com,health_medical,,FR
Non spécifié,notocbd.com,health_medical,,FR
Non spécifié,bipharma.net,health_medical,,FR
Non spécifié,isoxpert.fr,health_medical,,FR
Non spécifié,myvariations.com,health_medical,,FR
Non spécifié,capretraite.fr,health_medical,,FR
Non spécifié,www.universpharmacie.fr,health_medical,,FR
Non spécifié,www.smilepartner.fr,health_medical,,FR
Non spécifié,www.laplateformeducoiffeur.com,health_medical,,FR
Non spécifié,www.neopulse.fr,health_medical,,FR
Non spécifié,atn-optics.fr,health_medical,,FR
Non spécifié,maju-nutrition.com,health_medical,,FR
Non spécifié,alivio.fr,health_medical,,FR
Non spécifié,green-paradise-shop.com,health_medical,,FR
Non spécifié,yoojo.fr,health_medical,,FR
Non spécifié,www.pharmaciedesdrakkars.com,health_medical,,FR
Non spécifié,parapharmadirect.com,health_medical,,FR
Non spécifié,dimo-diagnostic.net,health_medical,,FR
Non spécifié,greenowl.fr,health_medical,,FR
Non spécifié,retraiteplus.fr,health_medical,,FR
Non spécifié,stannah.fr,health_medical,,FR
Non spécifié,www.y-brush.com,health_medical,,FR
Non spécifié,pimpant.com,health_medical,,FR
Non spécifié,mint-bikes.com,health_medical,,FR
Non spécifié,best-hygiene.com,health_medical,,FR
Non spécifié,esthetic-planet.com,health_medical,,FR
Non spécifié,diaper-minister.com,health_medical,,FR
Non spécifié,kano.care,health_medical,,FR
Non spécifié,bleu.care,health_medical,,FR
Non spécifié,visiondirect.fr,health_medical,,FR
Non spécifié,fulli.com,health_medical,,FR
Non spécifié,pharma360.fr,health_medical,,FR
Non spécifié,spheresnomades.fr,hobbies_crafts,,FR
Non spécifié,www.cadeaucity.com,hobbies_crafts,,FR
Non spécifié,shin-sekai.fr,hobbies_crafts,,FR
Non spécifié,takfonster.fr,hobbies_crafts,,FR
Non spécifié,figurines-mania.com,hobbies_crafts,,FR
Non spécifié,maisondemamoulia.fr,hobbies_crafts,,FR
Non spécifié,www.michelmusique.fr,hobbies_crafts,,FR
Non spécifié,modelkars.com,hobbies_crafts,,FR
Non spécifié,maminiature.fr,hobbies_crafts,,FR
Non spécifié,www.lheurecreative.fr,hobbies_crafts,,FR
Non spécifié,casacenina.fr,hobbies_crafts,,FR
Non spécifié,colorlive.fr,hobbies_crafts,,FR
Non spécifié,mgs-shop.fr,hobbies_crafts,,FR
Non spécifié,bakashop.fr,hobbies_crafts,,FR
Non spécifié,www.coinsandmore.fr,hobbies_crafts,,FR
Non spécifié,mymellowdays.com,hobbies_crafts,,FR
Non spécifié,licencetoquilt.com,hobbies_crafts,,FR
Non spécifié,goyon-chazeau.com,hobbies_crafts,,FR
Non spécifié,trevell.fr,hobbies_crafts,,FR
Non spécifié,fuzz-bayonne.com,hobbies_crafts,,FR
Non spécifié,gaspardetleonie.com,hobbies_crafts,,FR
Non spécifié,vousavezunmessage.fr,hobbies_crafts,,FR
Non spécifié,sugoishop.fr,hobbies_crafts,,FR
Non spécifié,japantoysmarket.com,hobbies_crafts,,FR
Non spécifié,www.lordsofrivers.com,hobbies_crafts,,FR
Non spécifié,luminosphere.fr,hobbies_crafts,,FR
Non spécifié,atelieroracle.com,hobbies_crafts,,FR
Non spécifié,thomasnumismatics.com,hobbies_crafts,,FR
Non spécifié,bougie-delice.com,hobbies_crafts,,FR
Non spécifié,techkidsacademy.com,hobbies_crafts,,FR
Non spécifié,pokeleman.fr,hobbies_crafts,,FR
Non spécifié,www.nikkomania.com,hobbies_crafts,,FR
Non spécifié,skycircus.fr,hobbies_crafts,,FR
Non spécifié,wecyrcled.com,hobbies_crafts,,FR
Non spécifié,micheline-bougies.fr,hobbies_crafts,,FR
Non spécifié,la-savonniere-du-moulin.com,hobbies_crafts,,FR
Non spécifié,wargamerminis.com,hobbies_crafts,,FR
Non spécifié,lacabanedoree.com,hobbies_crafts,,FR
Non spécifié,lesinfusettes.com,hobbies_crafts,,FR
Non spécifié,jurageekstore.fr,hobbies_crafts,,FR
Non spécifié,experts-debouchage.com,home_garden,,FR
Non spécifié,www.cadeaucity.com,home_garden,,FR
Non spécifié,www.france-cadenas.fr,home_garden,,FR
Non spécifié,takfonster.fr,home_garden,,FR
Non spécifié,www.acces-design.com,home_garden,,FR
Non spécifié,fashioncurvyshop.com,home_garden,,FR
Non spécifié,materfrance.fr,home_garden,,FR
Non spécifié,modelkars.com,home_garden,,FR
Non spécifié,www.universdujapon.com,home_garden,,FR
Non spécifié,pinktropical.fr,home_garden,,FR
Non spécifié,maminiature.fr,home_garden,,FR
Non spécifié,www.boutique-etain.com,home_garden,,FR
Non spécifié,www.linstan.fr,home_garden,,FR
Non spécifié,www.aspiration-web.fr,home_garden,,FR
Non spécifié,chezpluie.com,home_garden,,FR
Non spécifié,tillorka.com,home_garden,,FR
Non spécifié,energumene.fr,home_garden,,FR
Non spécifié,goyon-chazeau.com,home_garden,,FR
Non spécifié,vallonchene.fr,home_garden,,FR
Non spécifié,www.chiaracolombini.com,home_garden,,FR
Non spécifié,astro-sneakers.fr,home_garden,,FR
Non spécifié,mesbougiesgourmandes.com,home_garden,,FR
Non spécifié,www.inspiraenergie.fr,home_garden,,FR
Non spécifié,gaspardetleonie.com,home_garden,,FR
Non spécifié,tissage-moutet.com,home_garden,,FR
Non spécifié,www.odelicesfondants.com,home_garden,,FR
Non spécifié,atelieroracle.com,home_garden,,FR
Non spécifié,bougie-delice.com,home_garden,,FR
Non spécifié,melisac.fr,home_garden,,FR
Non spécifié,micheline-bougies.fr,home_garden,,FR
Non spécifié,ormain.com,home_garden,,FR
Non spécifié,joli-pot.fr,home_garden,,FR
Non spécifié,joee.fr,home_garden,,FR
Non spécifié,lasablerie.com,home_garden,,FR
Non spécifié,plaidscocooning.com,home_garden,,FR
Non spécifié,fleursencage.com,home_garden,,FR
Non spécifié,loupiote-shop.fr,home_garden,,FR
Non spécifié,elora.com,home_garden,,FR
Non spécifié,couteauxduchef.com,home_garden,,FR
Non spécifié,servistores.com,home_garden,,FR
Non spécifié,experts-debouchage.com,home_services,,FR
Non spécifié,www.france-cadenas.fr,home_services,,FR
Non spécifié,nextories.com,home_services,,FR
Non spécifié,www.linstan.fr,home_services,,FR
Non spécifié,checkmy-house.fr,home_services,,FR
Non spécifié,sectoralarm.fr,home_services,,FR
Non spécifié,locabox.fr,home_services,,FR
Non spécifié,boutique.orange.fr/telesurveillance,home_services,,FR
Non spécifié,aqua2000.fr,home_services,,FR
Non spécifié,youstock.com,home_services,,FR
Non spécifié,qiara.co,home_services,,FR
Non spécifié,sos-poussettes.com,home_services,,FR
Non spécifié,monsieurcle.fr,home_services,,FR
Non spécifié,lockall.fr,home_services,,FR
Non spécifié,wonderglass.fr,home_services,,FR
Non spécifié,lampesdirect.fr,home_services,,FR
Non spécifié,planetebain.com,home_services,,FR
Non spécifié,www.latribuducarton.fr,home_services,,FR
Non spécifié,www.ecocarton.fr,home_services,,FR
Non spécifié,asdepic.com,home_services,,FR
Non spécifié,alarme-meian.fr,home_services,,FR
Non spécifié,stabilisateur-gravier.fr,home_services,,FR
Non spécifié,plombier16.com,home_services,,FR
Non spécifié,strasbourg.achacunsonbox.com,home_services,,FR
Non spécifié,yoojo.fr,home_services,,FR
Non spécifié,dimo-diagnostic.net,home_services,,FR
Non spécifié,demeclic.fr,home_services,,FR
Non spécifié,www.legimetrie.fr,home_services,,FR
Non spécifié,serrurier.com,home_services,,FR
Non spécifié,clefs.shop,home_services,,FR
Non spécifié,argicru-france.com,home_services,,FR
Non spécifié,taskrabbit.fr,home_services,,FR
Non spécifié,comptoirdespros.com,home_services,,FR
Non spécifié,decoweb.com,home_services,,FR
Non spécifié,fixter.fr,home_services,,FR
Non spécifié,nobo.life,home_services,,FR
Non spécifié,beaurain-distribution.fr,home_services,,FR
Non spécifié,smarthabitat.fr,home_services,,FR
Non spécifié,debarras.bzh,home_services,,FR
Non spécifié,www.garanka.fr,home_services,,FR
Non spécifié,avocat-gc.com,legal_services_government,,FR
Non spécifié,institut-francais-mediation.fr,legal_services_government,,FR
Non spécifié,divorceo.fr,legal_services_government,,FR
Non spécifié,flightright.fr,legal_services_government,,FR
Non spécifié,www.netim.com,legal_services_government,,FR
Non spécifié,www.annoncelegale.com,legal_services_government,,FR
Non spécifié,leonard.fr,legal_services_government,,FR
Non spécifié,hy-justice.fr,legal_services_government,,FR
Non spécifié,welkit.com,legal_services_government,,FR
Non spécifié,www.litinerant.fr,legal_services_government,,FR
Non spécifié,lacipav.fr,legal_services_government,,FR
Non spécifié,muslim-toys.fr,legal_services_government,,FR
Non spécifié,klarusfrance.com,legal_services_government,,FR
Non spécifié,neonotario.com,legal_services_government,,FR
Non spécifié,mode-tactique.fr,legal_services_government,,FR
Non spécifié,nyctalope.fr,legal_services_government,,FR
Non spécifié,lelegaliste.fr,legal_services_government,,FR
Non spécifié,mes-allocs.fr,legal_services_government,,FR
Non spécifié,mesplaques.fr,legal_services_government,,FR
Non spécifié,traductionsassermentees.com,legal_services_government,,FR
Non spécifié,rivalis.fr,legal_services_government,,FR
Non spécifié,kandbaz.com,legal_services_government,,FR
Non spécifié,amgpro.fr,legal_services_government,,FR
Non spécifié,elitax.com,legal_services_government,,FR
Non spécifié,fulli.com,legal_services_government,,FR
Non spécifié,aaaep.fr,legal_services_government,,FR
Non spécifié,www.clic-formalites.com,legal_services_government,,FR
Non spécifié,annonces-legales.net,legal_services_government,,FR
Non spécifié,nitecore-france.com,legal_services_government,,FR
Non spécifié,aide-sociale.fr,legal_services_government,,FR
Non spécifié,hypotheques-en-ligne.fr,legal_services_government,,FR
Non spécifié,prium-portage.com,legal_services_government,,FR
Non spécifié,lexbase.fr,legal_services_government,,FR
Non spécifié,100pour100print.com,legal_services_government,,FR
Non spécifié,ulys.vinci-autoroutes.com,legal_services_government,,FR
Non spécifié,legalplace.fr,legal_services_government,,FR
Non spécifié,www.legalstart.fr,legal_services_government,,FR
Non spécifié,digidom.pro,legal_services_government,,FR
Non spécifié,sedomicilier.fr,legal_services_government,,FR
Non spécifié,vos-demarches.com,legal_services_government,,FR
Non spécifié,monsieurtoussaintlouverture.com,media_publishing,,FR
Non spécifié,ant-editions.com,media_publishing,,FR
Non spécifié,popcarte.com,media_publishing,,FR
Non spécifié,cartooneo.com,media_publishing,,FR
Non spécifié,fuzz-bayonne.com,media_publishing,,FR
Non spécifié,kaepjjang-shop.fr,media_publishing,,FR
Non spécifié,bacoshop.fr,media_publishing,,FR
Non spécifié,shop-vinyles.fr,media_publishing,,FR
Non spécifié,www.michenaud.com,media_publishing,,FR
Non spécifié,fr.for-ever.com,media_publishing,,FR
Non spécifié,lireka.com,media_publishing,,FR
Non spécifié,josepho.io,media_publishing,,FR
Non spécifié,www.busiboutique.com,media_publishing,,FR
Non spécifié,manganim.fr,media_publishing,,FR
Non spécifié,smartobjet.fr,media_publishing,,FR
Non spécifié,univers-sons.com,media_publishing,,FR
Non spécifié,www.naturellemaman.com,media_publishing,,FR
Non spécifié,www.xylenprod.fr,media_publishing,,FR
Non spécifié,japanresell.fr,media_publishing,,FR
Non spécifié,serie-radieuse.com,media_publishing,,FR
Non spécifié,editionsdixneuf.com,media_publishing,,FR
Non spécifié,lacourdesloulous.com,media_publishing,,FR
Non spécifié,edition-lettmotif.com,media_publishing,,FR
Non spécifié,diffprod.com,media_publishing,,FR
Non spécifié,www.sonovente.com,media_publishing,,FR
Non spécifié,www.lacompagniedescartes.fr,media_publishing,,FR
Non spécifié,merci-facteur.com,media_publishing,,FR
Non spécifié,materiel-informatique.fr,media_publishing,,FR
Non spécifié,muslim-toys.fr,media_publishing,,FR
Non spécifié,mediafix.fr,media_publishing,,FR
Non spécifié,boutique.dji-paris.com,media_publishing,,FR
Non spécifié,pdlv.fr,media_publishing,,FR
Non spécifié,lesptitsbouquinent.fr,media_publishing,,FR
Non spécifié,www.nippongo.fr,media_publishing,,FR
Non spécifié,einef.fr,media_publishing,,FR
Non spécifié,flyingkarlis.com,media_publishing,,FR
Non spécifié,myria-editions.com,media_publishing,,FR
Non spécifié,flexilivre.com,media_publishing,,FR
Non spécifié,hachette.de,media_publishing,,FR
Non spécifié,monlivresms.com,media_publishing,,FR
Non spécifié,orencash.fr,money_insurance,,FR
Non spécifié,pretto.fr,money_insurance,,FR
Non spécifié,creditpersonnalise.co,money_insurance,,FR
Non spécifié,liberkeys.com,money_insurance,,FR
Non spécifié,merson.fr,money_insurance,,FR
Non spécifié,www.cdt.fr,money_insurance,,FR
Non spécifié,araf.fr,money_insurance,,FR
Non spécifié,www.international-sante.com,money_insurance,,FR
Non spécifié,fiinz.com,money_insurance,,FR
Non spécifié,orus.eu,money_insurance,,FR
Non spécifié,www.lingor.fr,money_insurance,,FR
Non spécifié,santexpat.fr,money_insurance,,FR
Non spécifié,recherche-appartement-ou-maison.com,money_insurance,,FR
Non spécifié,portail-scpi.fr,money_insurance,,FR
Non spécifié,www.otaree.com,money_insurance,,FR
Non spécifié,lafinancieredumilitaire.fr,money_insurance,,FR
Non spécifié,capitole-energie.com,money_insurance,,FR
Non spécifié,hugoforex.com,money_insurance,,FR
Non spécifié,www.younited-credit.com,money_insurance,,FR
Non spécifié,www.meilleurtaux.com,money_insurance,,FR
Non spécifié,empruntis.com,money_insurance,,FR
Non spécifié,ymanci.fr,money_insurance,,FR
Non spécifié,oretchange.com,money_insurance,,FR
Non spécifié,indy.fr,money_insurance,,FR
Non spécifié,oxylians.fr,money_insurance,,FR
Non spécifié,boursedescredits.com,money_insurance,,FR
Non spécifié,www.sante-prevealys.fr,money_insurance,,FR
Non spécifié,homki-immobilier.com,money_insurance,,FR
Non spécifié,creditconseildefrance.com,money_insurance,,FR
Non spécifié,goodflair.com,money_insurance,,FR
Non spécifié,www.matelecommandetv.com,money_insurance,,FR
Non spécifié,impact-finances.fr,money_insurance,,FR
Non spécifié,www.bullionbypost.fr,money_insurance,,FR
Non spécifié,www.credit-stor.com,money_insurance,,FR
Non spécifié,iroko.eu,money_insurance,,FR
Non spécifié,papernest.it,money_insurance,,FR
Non spécifié,greeniz.fr,money_insurance,,FR
Non spécifié,blast.club,money_insurance,,FR
Non spécifié,euodia.fr,money_insurance,,FR
Non spécifié,gofriday.fr,money_insurance,,FR
Non spécifié,experts-debouchage.com,public_local_services,,FR
Non spécifié,www.cadeaucity.com,public_local_services,,FR
Non spécifié,happysitters.fr,public_local_services,,FR
Non spécifié,coach-rameur.com,public_local_services,,FR
Non spécifié,alveusclub.com,public_local_services,,FR
Non spécifié,www.otaree.com,public_local_services,,FR
Non spécifié,hugoforex.com,public_local_services,,FR
Non spécifié,palaisdurosaire.com,public_local_services,,FR
Non spécifié,multicuves.com,public_local_services,,FR
Non spécifié,anacours.com,public_local_services,,FR
Non spécifié,latelierdesfrancais.fr,public_local_services,,FR
Non spécifié,garden7.fr,public_local_services,,FR
Non spécifié,justcoaching.fr,public_local_services,,FR
Non spécifié,enerfip.eu,public_local_services,,FR
Non spécifié,exelgreen.com,public_local_services,,FR
Non spécifié,lacipav.fr,public_local_services,,FR
Non spécifié,mila.direct,public_local_services,,FR
Non spécifié,joyissime.com,public_local_services,,FR
Non spécifié,plaquedeces.fr,public_local_services,,FR
Non spécifié,mes-allocs.fr,public_local_services,,FR
Non spécifié,sanrivaljardin.com,public_local_services,,FR
Non spécifié,mon-irrigation.com,public_local_services,,FR
Non spécifié,qrpinternational.fr,public_local_services,,FR
Non spécifié,opsclean.fr,public_local_services,,FR
Non spécifié,ballad.club,public_local_services,,FR
Non spécifié,womenempowermentschool.com,public_local_services,,FR
Non spécifié,growshops.fr,public_local_services,,FR
Non spécifié,lpcr.fr,public_local_services,,FR
Non spécifié,www.indoordiscount.com,public_local_services,,FR
Non spécifié,gazondirect.fr,public_local_services,,FR
Non spécifié,mhd-formation.com,public_local_services,,FR
Non spécifié,belle-plaque-funeraire.fr,public_local_services,,FR
Non spécifié,plantcaretools.com,public_local_services,,FR
Non spécifié,anima-jardin.fr,public_local_services,,FR
Non spécifié,levanmigrateur.com,public_local_services,,FR
Non spécifié,mamaisonprivee.eu,public_local_services,,FR
Non spécifié,gaddin.com,public_local_services,,FR
Non spécifié,cultureindoor.com,public_local_services,,FR
Non spécifié,newtonoffices.com,public_local_services,,FR
Non spécifié,fitmass.fr,public_local_services,,FR
Non spécifié,cheef.fr,restaurants_bars,,FR
Non spécifié,entrepotitalien.fr,restaurants_bars,,FR
Non spécifié,pleyce.com,restaurants_bars,,FR
Non spécifié,www.leschocolatsducoeur.fr,restaurants_bars,,FR
Non spécifié,bonjourdrink.co,restaurants_bars,,FR
Non spécifié,le-lavandin.fr,restaurants_bars,,FR
Non spécifié,dietbon.fr,restaurants_bars,,FR
Non spécifié,www.espresso-international.fr,restaurants_bars,,FR
Non spécifié,leparfait.com,restaurants_bars,,FR
Non spécifié,larbreacafe.com,restaurants_bars,,FR
Non spécifié,shouka-chamonix.fr,restaurants_bars,,FR
Non spécifié,ensuite.fr,restaurants_bars,,FR
Non spécifié,japansnack.fr,restaurants_bars,,FR
Non spécifié,argicru-france.com,restaurants_bars,,FR
Non spécifié,kitchendiet.fr,restaurants_bars,,FR
Non spécifié,eevad.com,restaurants_bars,,FR
Non spécifié,aussitotbon.fr,restaurants_bars,,FR
Non spécifié,ayakosushi.fr,restaurants_bars,,FR
Non spécifié,kitchen-daily.fr,restaurants_bars,,FR
Non spécifié,misterbean.fr,restaurants_bars,,FR
Non spécifié,qilibri.fr,restaurants_bars,,FR
Non spécifié,sensaterra.com,restaurants_bars,,FR
Non spécifié,francechr.net,restaurants_bars,,FR
Non spécifié,hellofresh.fr,restaurants_bars,,FR
Non spécifié,www.just-eat.fr,restaurants_bars,,FR
Non spécifié,www.krisetjo.com,restaurants_bars,,FR
Non spécifié,www.hoplunch.com,restaurants_bars,,FR
Non spécifié,graindinfusion.fr,restaurants_bars,,FR
Non spécifié,www.pizzaandlove.fr,restaurants_bars,,FR
Non spécifié,cafeographe.com,restaurants_bars,,FR
Non spécifié,bitecone.com,restaurants_bars,,FR
Non spécifié,divvino.com,restaurants_bars,,FR
Non spécifié,aucoeurduchaudron.fr,restaurants_bars,,FR
Non spécifié,alondracafe.com,restaurants_bars,,FR
Non spécifié,auroremarket.fr,restaurants_bars,,FR
Non spécifié,www.letempsdescerises.com,restaurants_bars,,FR
Non spécifié,madisfrais.com,restaurants_bars,,FR
Non spécifié,gocater.fr,restaurants_bars,,FR
Non spécifié,lecomptoir.app,restaurants_bars,,FR
Non spécifié,fredbox.fr,restaurants_bars,,FR
Non spécifié,www.i-diamants.com,shopping_fashion,,FR
Non spécifié,www.jean-station.fr,shopping_fashion,,FR
Non spécifié,maisondemamoulia.fr,shopping_fashion,,FR
Non spécifié,fashioncurvyshop.com,shopping_fashion,,FR
Non spécifié,lafabriqueasachets.com,shopping_fashion,,FR
Non spécifié,www.international-sante.com,shopping_fashion,,FR
Non spécifié,www.universdujapon.com,shopping_fashion,,FR
Non spécifié,www.objectifhorlogerie.fr,shopping_fashion,,FR
Non spécifié,illustresbidules.com,shopping_fashion,,FR
Non spécifié,nature-minerale.fr,shopping_fashion,,FR
Non spécifié,pick-a-shoe.com,shopping_fashion,,FR
Non spécifié,boutiqueroutedusud.com,shopping_fashion,,FR
Non spécifié,pastel-cycles.com,shopping_fashion,,FR
Non spécifié,www.eleonaure.com,shopping_fashion,,FR
Non spécifié,oodaj.com,shopping_fashion,,FR
Non spécifié,santexpat.fr,shopping_fashion,,FR
Non spécifié,bbmodfrance.com,shopping_fashion,,FR
Non spécifié,fuzz-bayonne.com,shopping_fashion,,FR
Non spécifié,bottinsarl.com,shopping_fashion,,FR
Non spécifié,okan-studio.com,shopping_fashion,,FR
Non spécifié,mariage-precieux.fr,shopping_fashion,,FR
Non spécifié,thecyclisthouse.com,shopping_fashion,,FR
Non spécifié,lescalotsdevero.fr,shopping_fashion,,FR
Non spécifié,caprices130.com,shopping_fashion,,FR
Non spécifié,myzah.fr,shopping_fashion,,FR
Non spécifié,melisac.fr,shopping_fashion,,FR
Non spécifié,kamshoes.fr,shopping_fashion,,FR
Non spécifié,atelierkath.fr,shopping_fashion,,FR
Non spécifié,wecyrcled.com,shopping_fashion,,FR
Non spécifié,joliberceau.fr,shopping_fashion,,FR
Non spécifié,joee.fr,shopping_fashion,,FR
Non spécifié,maisecrets.fr,shopping_fashion,,FR
Non spécifié,tetardetnenuphar.com,shopping_fashion,,FR
Non spécifié,astellow.com,shopping_fashion,,FR
Non spécifié,tatakai.store,shopping_fashion,,FR
Non spécifié,babybamboo.fr,shopping_fashion,,FR
Non spécifié,offrandes.com,shopping_fashion,,FR
Non spécifié,maisonmohs.com,shopping_fashion,,FR
Non spécifié,loupiote-shop.fr,shopping_fashion,,FR
Non spécifié,elora.com,shopping_fashion,,FR
Non spécifié,thecornershop.fr,sports,,FR
Non spécifié,worldchampionproducts.com,sports,,FR
Non spécifié,coach-rameur.com,sports,,FR
Non spécifié,skycircus.fr,sports,,FR
Non spécifié,backtothefootball.com,sports,,FR
Non spécifié,leparcamaillots.com,sports,,FR
Non spécifié,thefamilyvan.fr,sports,,FR
Non spécifié,shamballa-shilajit.com,sports,,FR
Non spécifié,www.ops-store.fr,sports,,FR
Non spécifié,fenril.fr,sports,,FR
Non spécifié,ecologeek4u.com,sports,,FR
Non spécifié,veloboutiquepro.com,sports,,FR
Non spécifié,ericflag.com,sports,,FR
Non spécifié,www.e-ping-pong.com,sports,,FR
Non spécifié,www.marmonsports.com,sports,,FR
Non spécifié,terressens.com,sports,,FR
Non spécifié,justcoaching.fr,sports,,FR
Non spécifié,oya-yoga.fr,sports,,FR
Non spécifié,footdealer.co,sports,,FR
Non spécifié,mesballesdegolf.com,sports,,FR
Non spécifié,distriride.com,sports,,FR
Non spécifié,sportingoodz.com,sports,,FR
Non spécifié,matchycycling.com,sports,,FR
Non spécifié,all4dogsports.fr,sports,,FR
Non spécifié,awtrainer.com,sports,,FR
Non spécifié,basik.fr,sports,,FR
Non spécifié,trincamp.fr,sports,,FR
Non spécifié,aivee.fr,sports,,FR
Non spécifié,lasermania.fr,sports,,FR
Non spécifié,www.foot-press.fr,sports,,FR
Non spécifié,shoptcrampons.com,sports,,FR
Non spécifié,anthoweiss.com,sports,,FR
Non spécifié,corner-sport.com,sports,,FR
Non spécifié,chin-mudra.yoga,sports,,FR
Non spécifié,www.chullanka.com,sports,,FR
Non spécifié,oxbowshop.com,sports,,FR
Non spécifié,maxesport.gg,sports,,FR
Non spécifié,bollywood-fashion-online.com,sports,,FR
Non spécifié,smartworkout-pro.com,sports,,FR
Non spécifié,www.nenuphar.com,sports,,FR
Non spécifié,www.makila.fr,travel_vacation,,FR
Non spécifié,weekend-foot.fr,travel_vacation,,FR
Non spécifié,greengo.voyage,travel_vacation,,FR
Non spécifié,windward-islands.net,travel_vacation,,FR
Non spécifié,www.etuloge.fr,travel_vacation,,FR
Non spécifié,thefamilyvan.fr,travel_vacation,,FR
Non spécifié,www.bandofboats.com,travel_vacation,,FR
Non spécifié,evaneos.fr,travel_vacation,,FR
Non spécifié,dayuse.fr,travel_vacation,,FR
Non spécifié,ulysse.com,travel_vacation,,FR
Non spécifié,www.terres-lointaines.com,travel_vacation,,FR
Non spécifié,promothalasso.com,travel_vacation,,FR
Non spécifié,www.highlandtitles.fr,travel_vacation,,FR
Non spécifié,directours.com,travel_vacation,,FR
Non spécifié,intermedes.com,travel_vacation,,FR
Non spécifié,danse-avec-ton-chien.fr,travel_vacation,,FR
Non spécifié,provenceholidays.com,travel_vacation,,FR
Non spécifié,3ponts.edu,travel_vacation,,FR
Non spécifié,extremcarsevents.com,travel_vacation,,FR
Non spécifié,www.yellohvillage.fr,travel_vacation,,FR
Non spécifié,lozere-resa.com,travel_vacation,,FR
Non spécifié,www.lacompagniedescartes.fr,travel_vacation,,FR
Non spécifié,louer-appartement-venise.com,travel_vacation,,FR
Non spécifié,aventuresnouvellefrance.com,travel_vacation,,FR
Non spécifié,tropicalement-votre.com,travel_vacation,,FR
Non spécifié,theglobesailor.com,travel_vacation,,FR
Non spécifié,weroad.fr,travel_vacation,,FR
Non spécifié,evasionsusa.com,travel_vacation,,FR
Non spécifié,www.crazy-evg.com,travel_vacation,,FR
Non spécifié,echappee-biere.com,travel_vacation,,FR
Non spécifié,kits-accueil.fr,travel_vacation,,FR
Non spécifié,www.govoyages.com,travel_vacation,,FR
Non spécifié,www.japan-experience.com,travel_vacation,,FR
Non spécifié,mediavacances.com,travel_vacation,,FR
Non spécifié,parisattitude.com,travel_vacation,,FR
Non spécifié,www.locaboat.com/fr,travel_vacation,,FR
Non spécifié,kappaclub.fr,travel_vacation,,FR
Non spécifié,aucoeurduvoyage.com,travel_vacation,,FR
Non spécifié,looking-for-soccer.com,travel_vacation,,FR
Non spécifié,www.gites.fr,travel_vacation,,FR
Non spécifié,materfrance.fr,utilities,,FR
Non spécifié,capitole-energie.com,utilities,,FR
Non spécifié,octopusenergy.fr,utilities,,FR
Non spécifié,dualsun.com,utilities,,FR
Non spécifié,www.onduleur-photovoltaique.com,utilities,,FR
Non spécifié,sunethic.fr,utilities,,FR
Non spécifié,permismaison.fr,utilities,,FR
Non spécifié,izi-by-edf.fr,utilities,,FR
Non spécifié,www.clicandfioul.com,utilities,,FR
Non spécifié,nouvelr-energie.com,utilities,,FR
Non spécifié,sunity.fr,utilities,,FR
Non spécifié,ilek.fr,utilities,,FR
Non spécifié,www.solaireoccitanie.fr,utilities,,FR
Non spécifié,www.mint-energie.com,utilities,,FR
Non spécifié,www.garanka.fr,utilities,,FR
Non spécifié,effy.fr,utilities,,FR
Non spécifié,tucoenergie.fr,utilities,,FR
Non spécifié,otovo.fr,utilities,,FR
Non spécifié,particuliers.alpiq.fr,utilities,,FR
Non spécifié,solo-energie.com,utilities,,FR
Non spécifié,ohm-energie.com,utilities,,FR
Non spécifié,edfenr.com,utilities,,FR
Non spécifié,isole-plus.fr,utilities,,FR
Non spécifié,vattenfall.fr,utilities,,FR
Non spécifié,le-filtre-a-eau.com,utilities,,FR
Non spécifié,ekwateur.fr,utilities,,FR
Non spécifié,elmy-energie.fr,utilities,,FR
Non spécifié,kbane.com,utilities,,FR
Non spécifié,lamaisondestravaux.com,utilities,,FR
Non spécifié,solarbox.fr,utilities,,FR
Non spécifié,labellenergie.fr,utilities,,FR
Non spécifié,pureva.co,utilities,,FR
Non spécifié,fermesolaire.fr,utilities,,FR
Non spécifié,www.oscaro-power.com,utilities,,FR
Non spécifié,eco-solutions-17.fr,utilities,,FR
Non spécifié,opera-energie.com,utilities,,FR
Non spécifié,lavalleeducbd.fr,utilities,,FR
Non spécifié,eniplenitude.fr,utilities,,FR
Non spécifié,eauriginelle.com,utilities,,FR
Non spécifié,www.beemenergy.fr,utilities,,FR
Non spécifié,victorparts.com,vehicles_transportation,,FR
Non spécifié,www.france-cadenas.fr,vehicles_transportation,,FR
Non spécifié,nextories.com,vehicles_transportation,,FR
Non spécifié,takfonster.fr,vehicles_transportation,,FR
Non spécifié,casapark.fr,vehicles_transportation,,FR
Non spécifié,biosystem-france.fr,vehicles_transportation,,FR
Non spécifié,pastel-cycles.com,vehicles_transportation,,FR
Non spécifié,www.linstan.fr,vehicles_transportation,,FR
Non spécifié,colorlive.fr,vehicles_transportation,,FR
Non spécifié,homat.fr,vehicles_transportation,,FR
Non spécifié,thecyclisthouse.com,vehicles_transportation,,FR
Non spécifié,www.mvtransport.fr,vehicles_transportation,,FR
Non spécifié,jeanne-au-lapin.com,vehicles_transportation,,FR
Non spécifié,windward-islands.net,vehicles_transportation,,FR
Non spécifié,premium-transport-services.com,vehicles_transportation,,FR
Non spécifié,color-box.eu,vehicles_transportation,,FR
Non spécifié,www.123roulement.com,vehicles_transportation,,FR
Non spécifié,fenril.fr,vehicles_transportation,,FR
Non spécifié,landers-shop.fr,vehicles_transportation,,FR
Non spécifié,www.britishlegends.fr,vehicles_transportation,,FR
Non spécifié,ectorparking.com,vehicles_transportation,,FR
Non spécifié,veloboutiquepro.com,vehicles_transportation,,FR
Non spécifié,dam-marine.com,vehicles_transportation,,FR
Non spécifié,www.roadstr.fr,vehicles_transportation,,FR
Non spécifié,gr-pneus.fr,vehicles_transportation,,FR
Non spécifié,1923shop.com,vehicles_transportation,,FR
Non spécifié,latelierdesfrancais.fr,vehicles_transportation,,FR
Non spécifié,sturny-jantes.fr,vehicles_transportation,,FR
Non spécifié,garden7.fr,vehicles_transportation,,FR
Non spécifié,cars-de-france.com,vehicles_transportation,,FR
Non spécifié,jl-perf.com,vehicles_transportation,,FR
Non spécifié,carjager.com,vehicles_transportation,,FR
Non spécifié,baguo.fr,vehicles_transportation,,FR
Non spécifié,www.furiousnautisme.fr,vehicles_transportation,,FR
Non spécifié,vtc-aeroports.com,vehicles_transportation,,FR
Non spécifié,sojadis.com,vehicles_transportation,,FR
Non spécifié,distriride.com,vehicles_transportation,,FR
Non spécifié,airscreensysteme.com,vehicles_transportation,,FR
Non spécifié,roadstrap.com,vehicles_transportation,,FR
Non spécifié,olino.fr,vehicles_transportation,,FR
